Course Review,Course Difficulty,Instructor Rating,Department,Course Type,Year,cleaned_review
"Great insights into data structures, and the professor explained everything very well.",2,5,Computer Science,Lab,2021,great insight data structure explained everything well
"Behavioral psychology was fascinating, and the class was interactive and engaging.",4,4,Psychology,Seminar,2021,behavioral psychology fascinating interactive engaging
"The course lacked practical relevance, and the lectures were confusing.",2,3,Philosophy,Seminar,2022,lacked practical relevance lecture confusing
"The algorithms course was practical, and the programming assignments were very engaging.",2,5,Computer Science,Seminar,2021,algorithm practical programming assignment engaging
"The course felt disorganized, and I found the material difficult to follow.",3,2,Engineering,Lecture,2022,felt disorganized found material difficult follow
The finance section was difficult to understand without clearer explanations.,3,1,Business,Workshop,2023,finance section difficult understand without clearer explanation
The seminar on existentialism was thought-provoking. I highly recommend it.,1,5,Philosophy,Lab,2023,seminar existentialism thought provoking highly recommend
The course on cognitive behavior was insightful and well-structured.,3,4,Psychology,Seminar,2021,cognitive behavior insightful well structured
The seminar on existentialism was thought-provoking. I highly recommend it.,4,4,Philosophy,Workshop,2021,seminar existentialism thought provoking highly recommend
The best coding course I've ever taken! So many real-world applications.,2,5,Computer Science,Lab,2021,best coding ever taken many real world application
Too much focus on old theories without connecting them to modern issues.,2,3,Philosophy,Lab,2023,much focus theory without connecting modern issue
"I found the class boring, and the professor was hard to follow.",3,3,Philosophy,Lecture,2022,found boring hard follow
The course on cognitive behavior was insightful and well-structured.,3,5,Psychology,Lecture,2022,cognitive behavior insightful well structured
The course focused too much on outdated theories and lacked practical application.,3,2,Business,Seminar,2021,focused much outdated theory lacked practical application
The course on cognitive behavior was insightful and well-structured.,3,5,Psychology,Workshop,2022,cognitive behavior insightful well structured
"The labs were poorly structured, and the projects were confusing.",5,3,Engineering,Workshop,2022,lab poorly structured project confusing
The course focused too much on outdated theories and lacked practical application.,3,3,Business,Workshop,2023,focused much outdated theory lacked practical application
"The experiments were poorly explained, and I struggled to follow the class.",5,1,Psychology,Seminar,2021,experiment poorly explained struggled follow
"The professor explained the psychological theories very well, with great examples.",2,5,Psychology,Workshop,2021,explained psychological theory well great example
Great course on mechanical systems with very practical lab work.,3,5,Engineering,Lab,2022,great mechanical system practical work
The best coding course I've ever taken! So many real-world applications.,1,4,Computer Science,Lecture,2021,best coding ever taken many real world application
"I struggled with the design projects, and the professor didn't offer much help.",5,2,Engineering,Lecture,2022,struggled design project offer much help
"The course lacked practical relevance, and the lectures were confusing.",3,2,Philosophy,Workshop,2023,lacked practical relevance lecture confusing
"I found the course difficult, and the professor wasn't helpful during office hours.",3,2,Psychology,Seminar,2021,found difficult helpful office hour
Great course on mechanical systems with very practical lab work.,3,4,Engineering,Seminar,2021,great mechanical system practical work
Great course on mechanical systems with very practical lab work.,3,4,Engineering,Lab,2021,great mechanical system practical work
Too much theory without enough focus on real-world psychological issues.,4,3,Psychology,Seminar,2023,much theory without enough focus real world psychological issue
"I found the course difficult, and the professor wasn't helpful during office hours.",5,1,Psychology,Seminar,2021,found difficult helpful office hour
The best coding course I've ever taken! So many real-world applications.,3,4,Computer Science,Workshop,2023,best coding ever taken many real world application
Loved the experiments on cognitive psychology. The professor made everything clear.,3,5,Psychology,Lab,2022,loved experiment cognitive psychology made everything clear
"The course lacked practical relevance, and the lectures were confusing.",3,3,Philosophy,Workshop,2022,lacked practical relevance lecture confusing
Loved the experiments on cognitive psychology. The professor made everything clear.,3,5,Psychology,Lab,2022,loved experiment cognitive psychology made everything clear
"The algorithms course was practical, and the programming assignments were very engaging.",1,4,Computer Science,Lab,2021,algorithm practical programming assignment engaging
"Lectures were difficult to follow, and the content felt outdated.",3,2,Computer Science,Lab,2021,lecture difficult follow content felt outdated
"The theories were abstract, and I found it hard to relate to the material.",5,2,Philosophy,Lecture,2022,theory abstract found hard relate material
"The theories were abstract, and I found it hard to relate to the material.",4,3,Philosophy,Lab,2023,theory abstract found hard relate material
Fantastic case studies on leadership and management. Very practical.,2,5,Business,Seminar,2022,fantastic case study leadership management practical
"The course lacked practical relevance, and the lectures were confusing.",3,3,Philosophy,Workshop,2021,lacked practical relevance lecture confusing
The course focused too much on outdated theories and lacked practical application.,2,3,Business,Workshop,2023,focused much outdated theory lacked practical application
"The labs were poorly structured, and the projects were confusing.",2,2,Engineering,Seminar,2023,lab poorly structured project confusing
Amazing discussions on ethics and morality. The professor challenged us to think critically.,5,4,Philosophy,Lecture,2023,amazing discussion ethic morality challenged think critically
"The algorithms course was practical, and the programming assignments were very engaging.",2,4,Computer Science,Lecture,2023,algorithm practical programming assignment engaging
Too much theory without enough focus on current business practices.,1,2,Business,Seminar,2023,much theory without enough focus current business practice
"Deep insights into philosophical theories, well-explained by the professor.",3,4,Philosophy,Lecture,2023,deep insight philosophical theory well explained
Loved the debates on moral theory and political philosophy.,2,5,Philosophy,Lab,2021,loved debate moral theory political philosophy
Too much focus on old theories without connecting them to modern issues.,4,3,Philosophy,Lecture,2022,much focus theory without connecting modern issue
Too much focus on old theories without connecting them to modern issues.,3,3,Philosophy,Workshop,2023,much focus theory without connecting modern issue
The finance section was difficult to understand without clearer explanations.,2,3,Business,Seminar,2023,finance section difficult understand without clearer explanation
"The course lacked practical relevance, and the lectures were confusing.",4,2,Philosophy,Workshop,2023,lacked practical relevance lecture confusing
"The experiments were poorly explained, and I struggled to follow the class.",2,3,Psychology,Workshop,2022,experiment poorly explained struggled follow
Great course on mechanical systems with very practical lab work.,2,5,Engineering,Seminar,2021,great mechanical system practical work
This course offered valuable insights into marketing strategies. Very engaging.,4,5,Business,Workshop,2023,offered valuable insight marketing strategy engaging
"The experiments were poorly explained, and I struggled to follow the class.",1,3,Psychology,Seminar,2022,experiment poorly explained struggled follow
Loved the practical application of management theories. Highly recommended.,3,4,Business,Lecture,2022,loved practical application management theory highly recommended
The course on cognitive behavior was insightful and well-structured.,5,4,Psychology,Workshop,2022,cognitive behavior insightful well structured
Too much theory without enough focus on current business practices.,3,1,Business,Lecture,2023,much theory without enough focus current business practice
"Deep insights into philosophical theories, well-explained by the professor.",5,5,Philosophy,Workshop,2021,deep insight philosophical theory well explained
"The experiments were poorly explained, and I struggled to follow the class.",3,3,Psychology,Lecture,2021,experiment poorly explained struggled follow
Too much theory without enough focus on real-world psychological issues.,1,2,Psychology,Seminar,2021,much theory without enough focus real world psychological issue
"The lectures were dry and hard to understand, not very engaging.",5,3,Psychology,Workshop,2021,lecture hard understand engaging
Loved the practical application of management theories. Highly recommended.,4,4,Business,Lecture,2022,loved practical application management theory highly recommended
The course focused too much on outdated theories and lacked practical application.,1,1,Business,Workshop,2022,focused much outdated theory lacked practical application
Fantastic case studies on leadership and management. Very practical.,1,5,Business,Lecture,2021,fantastic case study leadership management practical
The best engineering course I've taken. Hands-on projects were amazing.,1,5,Engineering,Lecture,2023,best engineering taken hand project amazing
"The experiments were poorly explained, and I struggled to follow the class.",4,2,Psychology,Lab,2021,experiment poorly explained struggled follow
Great balance between theory and real-world examples in finance.,4,5,Business,Seminar,2021,great balance theory real world example finance
Great course on mechanical systems with very practical lab work.,2,5,Engineering,Lab,2023,great mechanical system practical work
Theoretical without enough practical coding work. Disappointed.,3,2,Computer Science,Seminar,2022,theoretical without enough practical coding work disappointed
"I struggled with the material, and the professor was not very helpful.",3,1,Computer Science,Lecture,2023,struggled material helpful
"Great insights into data structures, and the professor explained everything very well.",5,4,Computer Science,Workshop,2023,great insight data structure explained everything well
Loved the practical application of management theories. Highly recommended.,5,4,Business,Workshop,2022,loved practical application management theory highly recommended
Loved the experiments on cognitive psychology. The professor made everything clear.,2,5,Psychology,Lab,2023,loved experiment cognitive psychology made everything clear
"The algorithms course was practical, and the programming assignments were very engaging.",3,5,Computer Science,Seminar,2021,algorithm practical programming assignment engaging
"Deep insights into philosophical theories, well-explained by the professor.",2,5,Philosophy,Seminar,2021,deep insight philosophical theory well explained
"Lectures were difficult to follow, and the content felt outdated.",2,1,Computer Science,Lecture,2022,lecture difficult follow content felt outdated
"I found the class boring, and the professor was hard to follow.",3,3,Philosophy,Lecture,2023,found boring hard follow
Great course on mechanical systems with very practical lab work.,2,5,Engineering,Lab,2023,great mechanical system practical work
"The course lacked practical relevance, and the lectures were confusing.",5,3,Philosophy,Lecture,2021,lacked practical relevance lecture confusing
"Behavioral psychology was fascinating, and the class was interactive and engaging.",3,4,Psychology,Lab,2021,behavioral psychology fascinating interactive engaging
Too many assignments without clear guidance. Not a great experience.,1,1,Engineering,Workshop,2023,many assignment without clear guidance great experience
"Challenging but rewarding course on machine learning, well worth the effort.",4,5,Computer Science,Workshop,2023,challenging rewarding machine learning well worth effort
"The labs were poorly structured, and the projects were confusing.",3,3,Engineering,Lecture,2022,lab poorly structured project confusing
"I found the class boring, and the professor was hard to follow.",4,1,Philosophy,Lecture,2023,found boring hard follow
"I found the course difficult, and the professor wasn't helpful during office hours.",2,1,Psychology,Lecture,2021,found difficult helpful office hour
Amazing discussions on ethics and morality. The professor challenged us to think critically.,2,5,Philosophy,Seminar,2021,amazing discussion ethic morality challenged think critically
"The course lacked practical relevance, and the lectures were confusing.",3,3,Philosophy,Lab,2023,lacked practical relevance lecture confusing
The best coding course I've ever taken! So many real-world applications.,3,5,Computer Science,Workshop,2021,best coding ever taken many real world application
The best coding course I've ever taken! So many real-world applications.,3,5,Computer Science,Lab,2021,best coding ever taken many real world application
This course offered valuable insights into marketing strategies. Very engaging.,2,5,Business,Seminar,2021,offered valuable insight marketing strategy engaging
"Great insights into data structures, and the professor explained everything very well.",1,5,Computer Science,Seminar,2021,great insight data structure explained everything well
Too much theory without enough focus on current business practices.,2,1,Business,Seminar,2022,much theory without enough focus current business practice
"The experiments were poorly explained, and I struggled to follow the class.",3,3,Psychology,Seminar,2023,experiment poorly explained struggled follow
"The labs were poorly structured, and the projects were confusing.",3,3,Engineering,Seminar,2021,lab poorly structured project confusing
Great course on mechanical systems with very practical lab work.,1,5,Engineering,Lab,2023,great mechanical system practical work
"The labs were poorly structured, and the projects were confusing.",5,3,Engineering,Workshop,2023,lab poorly structured project confusing
Fantastic case studies on leadership and management. Very practical.,2,5,Business,Seminar,2022,fantastic case study leadership management practical
Too many assignments without clear guidance. Not a great experience.,5,1,Engineering,Lecture,2021,many assignment without clear guidance great experience
The best coding course I've ever taken! So many real-world applications.,3,5,Computer Science,Lecture,2022,best coding ever taken many real world application
Amazing discussions on ethics and morality. The professor challenged us to think critically.,3,4,Philosophy,Workshop,2022,amazing discussion ethic morality challenged think critically
"I expected more real-world examples, but the lectures were dry.",4,2,Business,Seminar,2021,expected real world example lecture
"I struggled with the material, and the professor was not very helpful.",3,3,Computer Science,Seminar,2023,struggled material helpful
Too much theory without enough focus on current business practices.,3,3,Business,Seminar,2021,much theory without enough focus current business practice
"I found the course difficult, and the professor wasn't helpful during office hours.",1,3,Psychology,Lecture,2021,found difficult helpful office hour
"The course lacked practical relevance, and the lectures were confusing.",4,3,Philosophy,Lab,2021,lacked practical relevance lecture confusing
"I struggled with the design projects, and the professor didn't offer much help.",2,1,Engineering,Lab,2023,struggled design project offer much help
"Great insights into data structures, and the professor explained everything very well.",3,4,Computer Science,Lecture,2023,great insight data structure explained everything well
"The lectures were dry and hard to understand, not very engaging.",4,3,Psychology,Lab,2022,lecture hard understand engaging
"Lectures were difficult to follow, and the content felt outdated.",3,2,Computer Science,Seminar,2023,lecture difficult follow content felt outdated
The seminar on existentialism was thought-provoking. I highly recommend it.,3,4,Philosophy,Lab,2021,seminar existentialism thought provoking highly recommend
Too much theory without enough focus on current business practices.,4,1,Business,Seminar,2022,much theory without enough focus current business practice
Great balance between theory and real-world examples in finance.,4,4,Business,Lecture,2021,great balance theory real world example finance
The best coding course I've ever taken! So many real-world applications.,3,5,Computer Science,Workshop,2021,best coding ever taken many real world application
Too much theory without enough focus on real-world psychological issues.,3,3,Psychology,Seminar,2023,much theory without enough focus real world psychological issue
"Challenging but rewarding course on machine learning, well worth the effort.",3,5,Computer Science,Lecture,2022,challenging rewarding machine learning well worth effort
The design projects were challenging but rewarding. I learned a lot.,4,4,Engineering,Lab,2023,design project challenging rewarding learned
"Deep insights into philosophical theories, well-explained by the professor.",3,4,Philosophy,Seminar,2023,deep insight philosophical theory well explained
"The labs were poorly structured, and the projects were confusing.",3,3,Engineering,Workshop,2023,lab poorly structured project confusing
"The professor explained complex systems clearly, and the labs were excellent.",3,4,Engineering,Workshop,2021,explained complex system clearly lab excellent
The best engineering course I've taken. Hands-on projects were amazing.,3,4,Engineering,Workshop,2021,best engineering taken hand project amazing
The seminar on existentialism was thought-provoking. I highly recommend it.,4,5,Philosophy,Seminar,2023,seminar existentialism thought provoking highly recommend
"The lectures were dry and hard to understand, not very engaging.",3,3,Psychology,Lecture,2022,lecture hard understand engaging
Loved the practical application of management theories. Highly recommended.,3,4,Business,Seminar,2022,loved practical application management theory highly recommended
"Lectures were difficult to follow, and the content felt outdated.",4,2,Computer Science,Seminar,2022,lecture difficult follow content felt outdated
"The experiments were poorly explained, and I struggled to follow the class.",4,1,Psychology,Workshop,2023,experiment poorly explained struggled follow
Great course on mechanical systems with very practical lab work.,1,4,Engineering,Lecture,2023,great mechanical system practical work
The course on cognitive behavior was insightful and well-structured.,3,4,Psychology,Seminar,2021,cognitive behavior insightful well structured
The course focused too much on outdated theories and lacked practical application.,2,3,Business,Workshop,2022,focused much outdated theory lacked practical application
Great course on mechanical systems with very practical lab work.,3,4,Engineering,Workshop,2023,great mechanical system practical work
"Great insights into data structures, and the professor explained everything very well.",2,5,Computer Science,Workshop,2021,great insight data structure explained everything well
The seminar on existentialism was thought-provoking. I highly recommend it.,3,4,Philosophy,Lab,2022,seminar existentialism thought provoking highly recommend
"The lectures were dry and hard to understand, not very engaging.",4,3,Psychology,Seminar,2022,lecture hard understand engaging
"I struggled with the material, and the professor was not very helpful.",2,1,Computer Science,Seminar,2021,struggled material helpful
"Challenging but rewarding course on machine learning, well worth the effort.",1,4,Computer Science,Lab,2023,challenging rewarding machine learning well worth effort
"Behavioral psychology was fascinating, and the class was interactive and engaging.",3,4,Psychology,Lab,2021,behavioral psychology fascinating interactive engaging
"I struggled with the design projects, and the professor didn't offer much help.",3,1,Engineering,Lecture,2021,struggled design project offer much help
"The professor explained the psychological theories very well, with great examples.",2,5,Psychology,Seminar,2021,explained psychological theory well great example
The best engineering course I've taken. Hands-on projects were amazing.,5,5,Engineering,Lab,2022,best engineering taken hand project amazing
"The professor explained complex systems clearly, and the labs were excellent.",3,5,Engineering,Workshop,2023,explained complex system clearly lab excellent
This course offered valuable insights into marketing strategies. Very engaging.,2,5,Business,Workshop,2022,offered valuable insight marketing strategy engaging
Great balance between theory and real-world examples in finance.,3,5,Business,Lab,2022,great balance theory real world example finance
"Challenging but rewarding course on machine learning, well worth the effort.",3,5,Computer Science,Lecture,2023,challenging rewarding machine learning well worth effort
"The labs were poorly structured, and the projects were confusing.",4,1,Engineering,Workshop,2023,lab poorly structured project confusing
"The algorithms course was practical, and the programming assignments were very engaging.",4,4,Computer Science,Lab,2023,algorithm practical programming assignment engaging
The design projects were challenging but rewarding. I learned a lot.,5,5,Engineering,Seminar,2023,design project challenging rewarding learned
"Deep insights into philosophical theories, well-explained by the professor.",1,4,Philosophy,Lecture,2022,deep insight philosophical theory well explained
"Great insights into data structures, and the professor explained everything very well.",2,4,Computer Science,Lab,2023,great insight data structure explained everything well
Amazing discussions on ethics and morality. The professor challenged us to think critically.,2,4,Philosophy,Workshop,2021,amazing discussion ethic morality challenged think critically
The course on cognitive behavior was insightful and well-structured.,2,4,Psychology,Lab,2021,cognitive behavior insightful well structured
"Deep insights into philosophical theories, well-explained by the professor.",3,4,Philosophy,Workshop,2022,deep insight philosophical theory well explained
The design projects were challenging but rewarding. I learned a lot.,3,5,Engineering,Seminar,2021,design project challenging rewarding learned
Loved the experiments on cognitive psychology. The professor made everything clear.,3,4,Psychology,Lecture,2022,loved experiment cognitive psychology made everything clear
"The experiments were poorly explained, and I struggled to follow the class.",2,3,Psychology,Lecture,2021,experiment poorly explained struggled follow
The best coding course I've ever taken! So many real-world applications.,3,5,Computer Science,Lecture,2021,best coding ever taken many real world application
"Behavioral psychology was fascinating, and the class was interactive and engaging.",3,4,Psychology,Lecture,2022,behavioral psychology fascinating interactive engaging
Too much theory without enough focus on current business practices.,3,1,Business,Seminar,2023,much theory without enough focus current business practice
The seminar on existentialism was thought-provoking. I highly recommend it.,3,4,Philosophy,Lab,2022,seminar existentialism thought provoking highly recommend
"The course felt disorganized, and I found the material difficult to follow.",3,3,Engineering,Workshop,2021,felt disorganized found material difficult follow
The finance section was difficult to understand without clearer explanations.,5,1,Business,Lab,2021,finance section difficult understand without clearer explanation
"Great insights into data structures, and the professor explained everything very well.",5,5,Computer Science,Workshop,2022,great insight data structure explained everything well
Great course on mechanical systems with very practical lab work.,3,4,Engineering,Seminar,2023,great mechanical system practical work
"I found the course difficult, and the professor wasn't helpful during office hours.",1,2,Psychology,Seminar,2023,found difficult helpful office hour
"Behavioral psychology was fascinating, and the class was interactive and engaging.",2,4,Psychology,Workshop,2021,behavioral psychology fascinating interactive engaging
Too much theory without enough focus on current business practices.,4,3,Business,Workshop,2022,much theory without enough focus current business practice
"Behavioral psychology was fascinating, and the class was interactive and engaging.",4,5,Psychology,Lecture,2021,behavioral psychology fascinating interactive engaging
"The theories were abstract, and I found it hard to relate to the material.",4,3,Philosophy,Lecture,2023,theory abstract found hard relate material
"Behavioral psychology was fascinating, and the class was interactive and engaging.",3,4,Psychology,Workshop,2021,behavioral psychology fascinating interactive engaging
Loved the experiments on cognitive psychology. The professor made everything clear.,5,5,Psychology,Lab,2023,loved experiment cognitive psychology made everything clear
The course focused too much on outdated theories and lacked practical application.,4,2,Business,Seminar,2022,focused much outdated theory lacked practical application
The programming exercises were too complex without clear instructions.,1,1,Computer Science,Lab,2022,programming exercise complex without clear instruction
"The experiments were poorly explained, and I struggled to follow the class.",1,3,Psychology,Lecture,2022,experiment poorly explained struggled follow
"The experiments were poorly explained, and I struggled to follow the class.",2,3,Psychology,Lecture,2023,experiment poorly explained struggled follow
"The experiments were poorly explained, and I struggled to follow the class.",3,3,Psychology,Lab,2023,experiment poorly explained struggled follow
Fantastic case studies on leadership and management. Very practical.,4,4,Business,Workshop,2021,fantastic case study leadership management practical
Great course on mechanical systems with very practical lab work.,4,5,Engineering,Seminar,2022,great mechanical system practical work
Too much theory without enough focus on real-world psychological issues.,5,1,Psychology,Lab,2022,much theory without enough focus real world psychological issue
Theoretical without enough practical coding work. Disappointed.,3,1,Computer Science,Lab,2023,theoretical without enough practical coding work disappointed
The design projects were challenging but rewarding. I learned a lot.,4,4,Engineering,Seminar,2023,design project challenging rewarding learned
"The experiments were poorly explained, and I struggled to follow the class.",2,1,Psychology,Lecture,2021,experiment poorly explained struggled follow
Theoretical without enough practical coding work. Disappointed.,1,2,Computer Science,Lab,2022,theoretical without enough practical coding work disappointed
"Lectures were difficult to follow, and the content felt outdated.",5,2,Computer Science,Seminar,2021,lecture difficult follow content felt outdated
Amazing discussions on ethics and morality. The professor challenged us to think critically.,5,4,Philosophy,Seminar,2023,amazing discussion ethic morality challenged think critically
"I found the class boring, and the professor was hard to follow.",3,3,Philosophy,Workshop,2023,found boring hard follow
The design projects were challenging but rewarding. I learned a lot.,4,5,Engineering,Seminar,2021,design project challenging rewarding learned
This course offered valuable insights into marketing strategies. Very engaging.,1,5,Business,Lecture,2021,offered valuable insight marketing strategy engaging
Theoretical without enough practical coding work. Disappointed.,5,2,Computer Science,Workshop,2023,theoretical without enough practical coding work disappointed
"I expected more real-world examples, but the lectures were dry.",2,1,Business,Seminar,2021,expected real world example lecture
"Great insights into data structures, and the professor explained everything very well.",3,4,Computer Science,Seminar,2022,great insight data structure explained everything well
Loved the practical application of management theories. Highly recommended.,4,4,Business,Seminar,2022,loved practical application management theory highly recommended
Too many assignments without clear guidance. Not a great experience.,2,2,Engineering,Lecture,2022,many assignment without clear guidance great experience
Great course on mechanical systems with very practical lab work.,4,5,Engineering,Seminar,2021,great mechanical system practical work
The seminar on existentialism was thought-provoking. I highly recommend it.,5,5,Philosophy,Lab,2021,seminar existentialism thought provoking highly recommend
The best engineering course I've taken. Hands-on projects were amazing.,2,4,Engineering,Seminar,2021,best engineering taken hand project amazing
Fantastic case studies on leadership and management. Very practical.,1,5,Business,Lecture,2023,fantastic case study leadership management practical
Amazing discussions on ethics and morality. The professor challenged us to think critically.,3,4,Philosophy,Workshop,2022,amazing discussion ethic morality challenged think critically
Great balance between theory and real-world examples in finance.,2,4,Business,Seminar,2022,great balance theory real world example finance
Loved the debates on moral theory and political philosophy.,3,5,Philosophy,Workshop,2022,loved debate moral theory political philosophy
"I struggled with the design projects, and the professor didn't offer much help.",3,2,Engineering,Lab,2022,struggled design project offer much help
The best engineering course I've taken. Hands-on projects were amazing.,3,5,Engineering,Workshop,2021,best engineering taken hand project amazing
"Challenging but rewarding course on machine learning, well worth the effort.",4,4,Computer Science,Seminar,2021,challenging rewarding machine learning well worth effort
The course on cognitive behavior was insightful and well-structured.,3,4,Psychology,Lecture,2021,cognitive behavior insightful well structured
"The algorithms course was practical, and the programming assignments were very engaging.",4,4,Computer Science,Lecture,2021,algorithm practical programming assignment engaging
The programming exercises were too complex without clear instructions.,3,3,Computer Science,Seminar,2023,programming exercise complex without clear instruction
"The professor explained the psychological theories very well, with great examples.",3,5,Psychology,Lecture,2021,explained psychological theory well great example
This course offered valuable insights into marketing strategies. Very engaging.,2,4,Business,Lecture,2022,offered valuable insight marketing strategy engaging
"The labs were poorly structured, and the projects were confusing.",3,3,Engineering,Seminar,2022,lab poorly structured project confusing
The course on cognitive behavior was insightful and well-structured.,2,5,Psychology,Lecture,2021,cognitive behavior insightful well structured
The course on cognitive behavior was insightful and well-structured.,5,5,Psychology,Seminar,2023,cognitive behavior insightful well structured
"Great insights into data structures, and the professor explained everything very well.",5,4,Computer Science,Lecture,2022,great insight data structure explained everything well
Loved the practical application of management theories. Highly recommended.,4,4,Business,Workshop,2021,loved practical application management theory highly recommended
The best coding course I've ever taken! So many real-world applications.,1,4,Computer Science,Lecture,2022,best coding ever taken many real world application
"The lectures were dry and hard to understand, not very engaging.",3,3,Psychology,Workshop,2021,lecture hard understand engaging
"Lectures were difficult to follow, and the content felt outdated.",3,2,Computer Science,Lecture,2021,lecture difficult follow content felt outdated
"The labs were poorly structured, and the projects were confusing.",3,3,Engineering,Lecture,2021,lab poorly structured project confusing
The best coding course I've ever taken! So many real-world applications.,4,5,Computer Science,Seminar,2023,best coding ever taken many real world application
"Deep insights into philosophical theories, well-explained by the professor.",4,4,Philosophy,Lecture,2023,deep insight philosophical theory well explained
"Challenging but rewarding course on machine learning, well worth the effort.",3,5,Computer Science,Workshop,2023,challenging rewarding machine learning well worth effort
Amazing discussions on ethics and morality. The professor challenged us to think critically.,3,5,Philosophy,Lab,2022,amazing discussion ethic morality challenged think critically
"Challenging but rewarding course on machine learning, well worth the effort.",2,5,Computer Science,Lab,2023,challenging rewarding machine learning well worth effort
"The professor explained complex systems clearly, and the labs were excellent.",5,5,Engineering,Seminar,2021,explained complex system clearly lab excellent
"The professor explained complex systems clearly, and the labs were excellent.",1,4,Engineering,Seminar,2023,explained complex system clearly lab excellent
"Challenging but rewarding course on machine learning, well worth the effort.",3,5,Computer Science,Workshop,2023,challenging rewarding machine learning well worth effort
"The algorithms course was practical, and the programming assignments were very engaging.",3,5,Computer Science,Workshop,2023,algorithm practical programming assignment engaging
This course offered valuable insights into marketing strategies. Very engaging.,3,5,Business,Workshop,2022,offered valuable insight marketing strategy engaging
Loved the practical application of management theories. Highly recommended.,5,5,Business,Seminar,2021,loved practical application management theory highly recommended
"I found the course difficult, and the professor wasn't helpful during office hours.",3,1,Psychology,Lab,2023,found difficult helpful office hour
"Great insights into data structures, and the professor explained everything very well.",4,5,Computer Science,Lab,2023,great insight data structure explained everything well
The seminar on existentialism was thought-provoking. I highly recommend it.,2,4,Philosophy,Lecture,2022,seminar existentialism thought provoking highly recommend
Great course on mechanical systems with very practical lab work.,4,5,Engineering,Seminar,2023,great mechanical system practical work
Too much focus on old theories without connecting them to modern issues.,3,1,Philosophy,Seminar,2022,much focus theory without connecting modern issue
"I found the class boring, and the professor was hard to follow.",4,1,Philosophy,Workshop,2022,found boring hard follow
"Challenging but rewarding course on machine learning, well worth the effort.",4,5,Computer Science,Lab,2022,challenging rewarding machine learning well worth effort
Too much focus on old theories without connecting them to modern issues.,1,3,Philosophy,Seminar,2022,much focus theory without connecting modern issue
"The professor explained complex systems clearly, and the labs were excellent.",3,4,Engineering,Workshop,2021,explained complex system clearly lab excellent
Too many assignments without clear guidance. Not a great experience.,4,3,Engineering,Seminar,2022,many assignment without clear guidance great experience
"The experiments were poorly explained, and I struggled to follow the class.",3,3,Psychology,Lecture,2023,experiment poorly explained struggled follow
"The theories were abstract, and I found it hard to relate to the material.",2,3,Philosophy,Lecture,2021,theory abstract found hard relate material
This course offered valuable insights into marketing strategies. Very engaging.,3,5,Business,Seminar,2023,offered valuable insight marketing strategy engaging
"The lectures were dry and hard to understand, not very engaging.",4,3,Psychology,Workshop,2022,lecture hard understand engaging
"The algorithms course was practical, and the programming assignments were very engaging.",2,4,Computer Science,Lecture,2022,algorithm practical programming assignment engaging
Too many assignments without clear guidance. Not a great experience.,1,2,Engineering,Lecture,2022,many assignment without clear guidance great experience
Too many assignments without clear guidance. Not a great experience.,3,3,Engineering,Seminar,2021,many assignment without clear guidance great experience
"The labs were poorly structured, and the projects were confusing.",3,1,Engineering,Lecture,2023,lab poorly structured project confusing
The programming exercises were too complex without clear instructions.,2,2,Computer Science,Seminar,2023,programming exercise complex without clear instruction
The course focused too much on outdated theories and lacked practical application.,3,3,Business,Lab,2023,focused much outdated theory lacked practical application
This course offered valuable insights into marketing strategies. Very engaging.,4,4,Business,Seminar,2023,offered valuable insight marketing strategy engaging
"I expected more real-world examples, but the lectures were dry.",1,1,Business,Lecture,2023,expected real world example lecture
"I found the course difficult, and the professor wasn't helpful during office hours.",2,3,Psychology,Lecture,2022,found difficult helpful office hour
"I struggled with the design projects, and the professor didn't offer much help.",3,3,Engineering,Lecture,2023,struggled design project offer much help
"Challenging but rewarding course on machine learning, well worth the effort.",3,4,Computer Science,Seminar,2022,challenging rewarding machine learning well worth effort
"I found the course difficult, and the professor wasn't helpful during office hours.",3,1,Psychology,Seminar,2022,found difficult helpful office hour
The best engineering course I've taken. Hands-on projects were amazing.,3,5,Engineering,Lab,2022,best engineering taken hand project amazing
"The labs were poorly structured, and the projects were confusing.",5,2,Engineering,Lecture,2022,lab poorly structured project confusing
The programming exercises were too complex without clear instructions.,1,2,Computer Science,Lab,2021,programming exercise complex without clear instruction
The best coding course I've ever taken! So many real-world applications.,1,5,Computer Science,Workshop,2022,best coding ever taken many real world application
The course on cognitive behavior was insightful and well-structured.,3,5,Psychology,Workshop,2022,cognitive behavior insightful well structured
Theoretical without enough practical coding work. Disappointed.,3,3,Computer Science,Lab,2023,theoretical without enough practical coding work disappointed
The best engineering course I've taken. Hands-on projects were amazing.,3,5,Engineering,Lecture,2021,best engineering taken hand project amazing
Too many assignments without clear guidance. Not a great experience.,4,2,Engineering,Workshop,2021,many assignment without clear guidance great experience
Loved the experiments on cognitive psychology. The professor made everything clear.,3,4,Psychology,Seminar,2023,loved experiment cognitive psychology made everything clear
This course offered valuable insights into marketing strategies. Very engaging.,4,5,Business,Lecture,2022,offered valuable insight marketing strategy engaging
"Deep insights into philosophical theories, well-explained by the professor.",3,5,Philosophy,Lecture,2021,deep insight philosophical theory well explained
Great balance between theory and real-world examples in finance.,4,5,Business,Workshop,2022,great balance theory real world example finance
"The labs were poorly structured, and the projects were confusing.",3,3,Engineering,Workshop,2022,lab poorly structured project confusing
"The lectures were dry and hard to understand, not very engaging.",1,1,Psychology,Workshop,2021,lecture hard understand engaging
Great balance between theory and real-world examples in finance.,4,4,Business,Lab,2023,great balance theory real world example finance
Fantastic case studies on leadership and management. Very practical.,5,4,Business,Lecture,2021,fantastic case study leadership management practical
"I struggled with the design projects, and the professor didn't offer much help.",2,1,Engineering,Workshop,2021,struggled design project offer much help
"I found the course difficult, and the professor wasn't helpful during office hours.",4,3,Psychology,Seminar,2023,found difficult helpful office hour
The programming exercises were too complex without clear instructions.,3,3,Computer Science,Seminar,2022,programming exercise complex without clear instruction
"The algorithms course was practical, and the programming assignments were very engaging.",3,4,Computer Science,Workshop,2021,algorithm practical programming assignment engaging
"The algorithms course was practical, and the programming assignments were very engaging.",3,5,Computer Science,Seminar,2023,algorithm practical programming assignment engaging
"The lectures were dry and hard to understand, not very engaging.",3,3,Psychology,Lab,2023,lecture hard understand engaging
"I expected more real-world examples, but the lectures were dry.",3,3,Business,Workshop,2021,expected real world example lecture
The finance section was difficult to understand without clearer explanations.,3,1,Business,Workshop,2022,finance section difficult understand without clearer explanation
Amazing discussions on ethics and morality. The professor challenged us to think critically.,3,5,Philosophy,Lecture,2021,amazing discussion ethic morality challenged think critically
Amazing discussions on ethics and morality. The professor challenged us to think critically.,2,5,Philosophy,Workshop,2023,amazing discussion ethic morality challenged think critically
"Deep insights into philosophical theories, well-explained by the professor.",3,5,Philosophy,Seminar,2021,deep insight philosophical theory well explained
Loved the experiments on cognitive psychology. The professor made everything clear.,3,5,Psychology,Seminar,2023,loved experiment cognitive psychology made everything clear
The seminar on existentialism was thought-provoking. I highly recommend it.,3,4,Philosophy,Lecture,2022,seminar existentialism thought provoking highly recommend
Great balance between theory and real-world examples in finance.,2,4,Business,Seminar,2023,great balance theory real world example finance
Great course on mechanical systems with very practical lab work.,2,5,Engineering,Seminar,2023,great mechanical system practical work
The design projects were challenging but rewarding. I learned a lot.,2,4,Engineering,Lab,2021,design project challenging rewarding learned
Loved the practical application of management theories. Highly recommended.,3,4,Business,Workshop,2023,loved practical application management theory highly recommended
"Deep insights into philosophical theories, well-explained by the professor.",3,5,Philosophy,Lab,2021,deep insight philosophical theory well explained
"Great insights into data structures, and the professor explained everything very well.",1,4,Computer Science,Lab,2023,great insight data structure explained everything well
"The labs were poorly structured, and the projects were confusing.",3,3,Engineering,Lecture,2023,lab poorly structured project confusing
"Challenging but rewarding course on machine learning, well worth the effort.",3,4,Computer Science,Workshop,2021,challenging rewarding machine learning well worth effort
This course offered valuable insights into marketing strategies. Very engaging.,3,4,Business,Seminar,2021,offered valuable insight marketing strategy engaging
Theoretical without enough practical coding work. Disappointed.,3,2,Computer Science,Seminar,2023,theoretical without enough practical coding work disappointed
The seminar on existentialism was thought-provoking. I highly recommend it.,4,4,Philosophy,Lab,2023,seminar existentialism thought provoking highly recommend
Loved the debates on moral theory and political philosophy.,5,4,Philosophy,Seminar,2023,loved debate moral theory political philosophy
"I expected more real-world examples, but the lectures were dry.",3,3,Business,Lab,2021,expected real world example lecture
Loved the debates on moral theory and political philosophy.,4,4,Philosophy,Lecture,2023,loved debate moral theory political philosophy
The design projects were challenging but rewarding. I learned a lot.,4,5,Engineering,Workshop,2022,design project challenging rewarding learned
"I found the course difficult, and the professor wasn't helpful during office hours.",5,1,Psychology,Lab,2023,found difficult helpful office hour
"The algorithms course was practical, and the programming assignments were very engaging.",3,5,Computer Science,Lecture,2022,algorithm practical programming assignment engaging
This course offered valuable insights into marketing strategies. Very engaging.,3,4,Business,Lab,2023,offered valuable insight marketing strategy engaging
Loved the practical application of management theories. Highly recommended.,4,5,Business,Seminar,2023,loved practical application management theory highly recommended
Too much focus on old theories without connecting them to modern issues.,4,1,Philosophy,Lab,2021,much focus theory without connecting modern issue
"Deep insights into philosophical theories, well-explained by the professor.",1,5,Philosophy,Lecture,2022,deep insight philosophical theory well explained
